"","Country","Country Code","2002","2003","2004","2005","2006","2007","2008","2009","2010","2011","2012","2013","2014","2015","2016"
"1","Afghanistan","AFG",3.40336025006512,3.27509006690685,4.53556806550665,4.24035874439462,6.29099307159353,3.61880934051835,2.98806774441878,4.52149364814577,4.2549724111382,6.61006289308176,28.0656490693196,14.8793041506101,12.1164586282332,12.1258209916291,12.1823004269634
"2","Albania","ALB",97.1851211072664,98.9325259515571,100.598615916955,111.596654275093,85.0924657534247,87.1678200692042,75.8770491803279,89.3858784893268,97.3226837060703,97.1366559485531,92.7717691244318,88.1709625356285,88.3858040707952,107.831254406965,126.138482602815
"3","Algeria","DZA",9.6415794355373,6.00117259857084,25.0951554784466,7.42990280921315,13.2626506024096,14.9615745079663,8.5767125116838,13.9866542105966,19.4814716075713,17.4850706478272,19.4001610062945,19.6636707477708,24.6374505461116,23.3684976182703,22.3152731748937
"4","American Samoa","ASM",NA,NA,NA,NA,NA,NA,NA,NA,NA,NA,NA,NA,NA,NA,NA
"5","Andorra","AND",NA,NA,NA,NA,NA,NA,NA,NA,NA,NA,NA,NA,NA,NA,NA
"6","Angola","AGO",1.65903225806452,1.78878787878788,4.50151515151515,2.26060606060606,3.66,3.305,8.25882352941177,5.47225,8.43,11.983829787234,8.87604897357048,9.26395727040816,9.27163255341199,8.05261409837373,7.98274294483418
"7","Antigua and Barbuda","ATG",13,27.25,7.5,6,4.5,0.5,3.5,13.25,3,3.25,9.8475000858307,12.5299998521805,7.95000022649765,5.47500020265579,13.8700002431869
"8","Arab World","ARB",92.0695540628122,104.845731033878,94.5164044689594,110.660246321215,86.5768018553092,91.956988606727,101.308243273672,82.4541032124656,92.2107546607982,104.899455686092,64.0956893333179,62.3970497354039,68.1607107646733,73.2578600403896,68.3591252435491
"9","Argentina","ARG",30.2339386978681,41.8467062945596,45.3091145410236,36.4023102059427,41.4112583921501,49.2567178107759,35.214968378662,22.9847777907384,39.1808009267792,41.7174131662412,34.5264375911858,35.9713594800877,35.4879081632653,27.6402730389031,50.3363313137755
"10","Armenia","ARM",34.5230769230769,22.9978021978022,31.6505494505495,22.6923076923077,27.8449992712572,15.3328907463293,18.150533105644,29.6662220317496,24.2028985507246,27.3686546436108,41.5845900792961,46.6896679684867,43.78565516978,52.9544854280106,110.495136158374
"11","Aruba","ABW",NA,NA,NA,NA,NA,NA,NA,NA,NA,NA,NA,NA,NA,NA,NA
"12","Australia","AUS",47.5700328458754,46.2096088435374,50.9394047294891,44.8544593336302,43.4601278423976,46.8146805618487,42.6044248391278,36.2504384426517,46.3164818643112,45.2787449137967,46.6197227941333,49.2000043272247,54.1858508848521,53.5625677492087,68.103696143155
"13","Austria","AUT",234.023826714801,297.138461696318,131.342705420707,135.715945988813,130.699249478506,110.266715116279,110.045288531775,83.4062652102192,108.48731097138,103.389233983636,125.451998422842,135.610456229558,144.555749839747,144.709162419537,141.837426373666
"14","Azerbaijan","AZE",10.4337884344079,7.64209953766658,11.9747925162746,13.3604604233757,13.3389449566525,10.6375404530744,20.9375341481241,13.4114194236926,9.95488575077712,15.5745880895571,19.0765023278179,19.962452585452,31.7520377790034,20.3780260076486,14.0928462278014
"15","Bahamas, The","BHS",NA,NA,NA,NA,NA,NA,NA,NA,NA,NA,155.097496032715,134.552501678467,152.591251373291,189.880004882813,144.017499923706
"16","Bahrain","BHR",8964.5,103.529408860784,0,2906.66666666667,9436.55141381388,798.57144217102,1993.33325412538,947.794107677721,1721.24997435137,1178.12498244457,1553.12497685663,1606.24997606501,1318.74998034909,1318.74998034909,1318.74998034909
"17","Bangladesh","BGD",188.639161517024,160.266893534273,170.671374186418,197.748704335735,193.190101522843,184.411079836233,200.064077918749,188.852873268343,212.963932742909,255.76452201094,260.443285528031,254.600156290701,279.220237319077,298.966396533185,289.402271616143
"18","Barbados","BRB",45.8571428571429,79.7142857142857,214.230769230769,109.076923076923,139,133.615384615385,135.153846153846,77,135.083333333333,96.2727272727273,199.522006225586,133.568418502808,80.0111083984376,123.277498245239,113.80428641183
"19","Belarus","BLR",135.986467236467,135.625785598851,146.917808219178,167.70119090581,231.967509025271,218.354774415655,237.418419144307,281.114718614719,270.460704607046,303.888587448001,271.386091995654,256.342959140424,215.224559612507,194.186602839951,146.618640458224
"20","Belgium","BEL",327.891826923077,313.837125748503,339.855952380952,329.143534994069,316.452494061758,355.184743742551,242.890995260664,300,344.124700239808,338.181818181818,348.692403486924,340.310049019608,322.481028151775,323.850512356841,318.484803654923
"21","Belize","BLZ",367.728571428571,382.371428571429,78.6571428571429,81,89.2571428571429,60.8714285714286,49.7571428571429,121.438356164384,58.0133333333333,234.706666666667,140.070514385517,389.110263922276,374.217704577324,431.672939202724,466.248860677083
"22","Benin","BEN",16.3666666666667,0.802264150943396,0.0527272727272727,0.454074074074074,0.0132,0.2456,0.308076923076923,6.67755102040816,8.99015748031496,4.30232558139535,9.90929253472222,5.0022779224537,15.535462962963,11.2903443287037,14.747607421875
"23","Bermuda","BMU",NA,NA,NA,NA,NA,NA,NA,NA,NA,NA,NA,339.066657262379,307.666651897961,285.333323266771,177.099990165234
"24","Bhutan","BTN",9.75675675675676,9.89189189189189,7.39873417721519,7.55688622754491,7.62062112851096,9.00953758257573,11.66,23.96,10.0397615836925,13.0538926131469,10.6880239212744,12.1550903672115,14.2006987672817,14.7605789324848,13.2532998657227
"25","Bolivia","BOL",4.04272727272727,3.67558338076266,5.06426376082705,6.47293746715712,3.96363636363636,5.88731719012227,4.70886075949367,5.15536596317916,7.25552711193856,8.01705855232826,7.9525575469598,9.71964713281597,8.9968656603922,9.15580256503655,7.60947450937219
"26","Bosnia and Herzegovina","BIH",32.6980942828485,17.6568338249754,58.442607003891,24.6370731707317,15.4839337877313,21.3003913894325,11.8710317460317,72.7121364092277,81.5298804780876,103.378109452736,120.74397997414,101.635321171952,120.034287439426,128.914567980981,131.800031219542
"27","Botswana","BWA",NA,NA,NA,NA,NA,NA,NA,48.6044303797468,83.1274131274131,29.679012345679,54.8350877192982,81.3898916967509,58.2781954887218,89.5724170003595,89.5724170003595
"28","Brazil","BRA",120.840839620187,152.305241823189,150.94595108815,120.100351374409,124.031867468147,165.169737380827,141.838604982206,118.256743327655,156.189872518227,183.014804975579,177.579045408845,173.934941768062,173.054797733529,160.66217658533,186.096114898241
"29","British Virgin Islands","VGB",NA,NA,NA,NA,NA,NA,NA,NA,NA,NA,NA,NA,NA,NA,NA
"30","Brunei Darussalam","BRN",336,102,151.5,308.5,66,377,112.666666666667,103,431.75,117.5,113.5,44.6,141.8,141.8,141.8
"31","Bulgaria","BGR",113.768405365127,147.327414986458,80.8517959553275,74.2319571383549,73.9399744572158,102.009400324149,111.242875647668,104.600445009536,97.053358443189,133.082461538462,95.8697618329816,109.138258120149,108.803212851406,112.015558443602,125.543386638301
"32","Burkina Faso","BFA",0.427659574468085,10.3913725490196,12.540652173913,15.2436734693878,13.4042553191489,10.1010204081633,9.5345,9.4519298245614,9.4285,10.7024561403509,13.5669716796875,15.4607966859879,15.8807561848958,16.2886953125,21.7735166015625
"33","Burundi","BDI",1.34381338742394,0.304040404040404,1.11167512690355,3.54602510460251,3.34333333333333,2.01882352941176,2.17111111111111,1.86105263157895,3.62736842105263,5.635,5.79559992009943,9.30145846048991,10.2515584564209,15.1299247996012,5.42425837198894
"34","Cabo Verde","CPV",NA,NA,NA,NA,NA,NA,NA,NA,NA,NA,NA,NA,NA,NA,NA
"35","Cambodia","KHM",5.82567567567568,3.85783783783784,5.36594594594595,8.10513513513514,8.0027027027027,8.99027027027027,7.64135135135135,10.0956756756757,12.1178947368421,16.2842105263158,24.0885108706826,18.6874049778988,21.2640551757813,25.2463372481497,17.3935973478618
"36","Cameroon","CMR",9.76862416107383,8.15520134228188,11.0627516778523,7.9989937950696,9.03219855777293,8.62284085192017,6.5574375314439,7.00285091396948,9.23903225806452,11.0359677419355,10.3357339969758,10.0583388986895,9.62103547127016,13.6304479586694,9.66752913936492
"37","Canada","CAN",57.6301666447973,58.9276106466548,54.632774829917,61.8212786638979,46.9949459123958,68.6041447530381,63.9640710444254,62.2087573586456,69.1755881742978,84.0782675479427,94.1524288480423,84.228133623871,89.4197024899615,91.614995577448,87.6250971073436
"38","Caribbean small states","CSS",83.7941567065073,84.7272727272727,78.7174770039422,60.6250957536743,63.4154154694984,53.9979494086785,91.2540464461647,56.2727272727273,66.3781918564527,79.6148555708391,83.5112036680229,118.623942028166,115.453661775364,116.4666159741,118.851917491268
"39","Cayman Islands","CYM",NA,NA,NA,NA,NA,NA,NA,NA,NA,NA,NA,NA,NA,NA,NA
"40","Central African Republic","CAF",NA,NA,NA,NA,NA,NA,NA,NA,NA,0.417777777777778,0.281838883293999,0.281111111111111,0.281111111111111,0.340972224341498,NA
"41","Central Europe and the Baltics","CEB",91.3026791197492,102.452674683807,100.565414084124,106.605968156242,108.35784313218,120.123218887101,112.617962479378,96.5654751953668,113.336010973667,115.190888608209,116.032707116541,122.628323857547,118.103314687831,127.551191327297,129.182044631941
"42","Chad","TCD",NA,NA,NA,NA,NA,NA,NA,NA,NA,NA,NA,NA,NA,NA,NA
"43","Channel Islands","CHI",NA,NA,NA,NA,NA,NA,NA,NA,NA,NA,NA,NA,NA,NA,NA
"44","Chile","CHL",307.773333333333,330.142666666667,491.352666666667,434.761379310345,475.814074074074,534.100633914422,687.240091463415,612.41679389313,373.248623131393,492.561123766135,339.402961808262,347.582123758594,358.229147914719,415.783701447068,293.844817856833
"45","China","CHN",377.458165938865,393.957206803939,413.724014336918,423.409175946548,452.046090156394,469.352445038485,482.880794701987,498.850074266617,515.408972206678,533.406778069846,550.997922960725,558.995459704881,567.256385998108,506.109243697479,503.322119428091
"46","Colombia","COL",309.002261420172,324.809628975265,320.96291331546,445.133267522211,571.249613539075,544.291291291291,486.731693989071,497.268169014084,585.191718661373,745.296973518285,805.791131970849,559.810056851962,613.692045171525,670.413388379434,659.452061160075
"47","Comoros","COM",NA,NA,NA,NA,NA,NA,NA,NA,NA,NA,NA,NA,NA,NA,NA
"48","Congo, Dem. Rep.","COD",NA,0.275223880597015,0.208208955223881,0.0677611940298507,0.454925373134328,0.634776119402985,0.940296296296296,0.79720176730486,1.10411764705882,1.01042857142857,0.737446478185521,1.44542114257813,2.850732404682,2.95413249700842,2.47670284647337
"49","Congo, Rep.","COG",NA,NA,2.65102040816327,0.0653061224489796,0.0530612244897959,0.359183673469388,0.746938775510204,4.578,0.541176470588235,1.31509433962264,2.24798111825619,2.92749095569957,1.88583636197177,1.84409088134766,1.84409088134766
"50","Costa Rica","CRI",629.1915625,919.66857328869,751.060825892857,683.535593377976,845.468675595238,858.0435546875,915.70990234375,382.967311789773,519.317725694444,706.079480401401,635.327687230603,589.842007341056,566.283518943578,631.449864604084,604.885834911616
"51","Cote d'Ivoire","CIV",31.0189285714286,29.3453571428571,27.2189285714286,17.7803571428571,22.7725,23.99,18.211724137931,15.3075862068966,32.0858620689655,19.4027586206897,26.9183964170259,37.5806829202586,42.386986799569,50.6346780711207,51.6833378232759
"52","Croatia","HRV",256.988344988345,292.802083333333,312.584415584416,294.508591065292,380.787741203178,410.06338028169,495.228295520777,164.679260636007,297.3098106385,311.01148232795,191.387903053226,160.810127879931,192.076976949472,181.700040796157,119.309633027523
"53","Cuba","CUB",38.1047919957873,16.5026652452026,18.5302212628171,22.380174291939,32.1194276279582,35.699132381752,43.5780641122755,17.603308183401,29.8933215130024,42.02155909064,46.9427649127179,49.4971665176174,66.3862197164427,58.9786054326291,49.4462403044873
"54","Curacao","CUW",NA,NA,NA,NA,NA,NA,NA,NA,NA,NA,NA,NA,NA,NA,NA
"55","Cyprus","CYP",159.65,158.232142857143,131.407079646018,108.975609756098,109.026086956522,109.83606252101,112.014561032516,181.449939276517,202.772400840268,151.202380952381,196.526799536688,183.87055540899,158.20653469343,156.677755704493,196.738751510801
"56","Czech Republic","CZE",81.6791576339424,91.574309649395,87.0080845771144,89.5550015581178,94.2735790131168,100.169640062598,87.2641154328733,88.5169811320755,95.8457899716178,100.576485461441,127.665188470067,161.483006797281,162.657292085175,192.082230244685,196.147153167602
"57","Denmark","DNK",97.5584358523726,136.40026478376,144.784486557955,137.117066895369,138.581167447806,142.411968777103,147.676103247294,102.918140682847,113.71210243701,112.848739495798,107.113316790736,116.622773139665,120.502878289474,132.373990650234,131.147789473684
"58","Djibouti","DJI",NA,NA,NA,NA,NA,NA,NA,NA,NA,NA,NA,NA,NA,NA,NA
"59","Dominica","DMA",86.6,148.2,198.6,207.8,134.2,276,44.6,58.1666666666667,52.1666666666667,150.166666666667,84.8250020345052,122.61333211263,100.949999491374,149.026667277018,88.0516688028973
"60","Dominican Republic","DOM",73.3930957683742,52.2426829268293,59.1731707317073,58.240243902439,80.4670731707317,94.7573170731707,80.39875,80.56,107.00625,94.15625,74.46375,79.7825,88.16875,108.526640625,88.0897143554687
"61","Early-demographic dividend","EAR",84.3749849934461,89.4121459563199,95.8497529775147,100.416446767886,105.107189230722,108.908078435925,109.647292543341,115.54092251863,122.172268018451,124.413040784345,122.093458103847,121.71778405929,127.366791378778,128.142701408782,130.40954695411
"62","East Asia & Pacific","EAS",246.100753491323,258.309049491479,268.290821172727,269.549914542853,282.799822794194,301.311864876353,301.191321446832,302.659127535834,319.469563417853,321.606703419088,334.648004806116,343.757376285026,347.420456586441,328.398688977949,331.025994536467
"63","East Asia & Pacific (excluding high income)","EAP",NA,NA,NA,NA,NA,NA,NA,NA,NA,NA,NA,NA,NA,NA,NA
"64","East Asia & Pacific (IDA & IBRD countries)","TEA",289.742209080213,304.435800469061,316.567571386492,319.17082853903,NA,NA,NA,NA,NA,NA,407.999001497436,419.184437180622,423.030233410944,391.789809385231,391.272848530234
"65","Ecuador","ECU",167.622058823529,156.822170900693,217.529365700861,150.829475308642,207.789943227899,199.106276150628,214.119741100324,187.278635507561,252.070965817536,275.355207618826,254.743534415608,236.170985134003,369.850731291364,313.625680098252,345.441918545082
"66","Egypt, Arab Rep.","EGY",432.532697547684,627.750516173434,557.593929173693,672.883339836129,492.123224568138,521.78744149766,696.593111279334,502.825242718447,602.986425339367,602.866809116809,573.069720141835,651.995782487042,709.687576115074,631.339711568543,649.194044474581
"67","El Salvador","SLV",71.6405797101449,78.1864904552129,86.6974063400576,130.60113960114,108.773178807947,152.609523809524,127.89897510981,117.321533923304,179.355126300149,186.784370477569,141.906521644645,141.270827073317,126.250163633127,140.870194714049,132.377977389332
"68","Equatorial Guinea","GNQ",NA,NA,NA,NA,NA,NA,NA,NA,NA,NA,NA,NA,NA,NA,NA
"69","Eritrea","ERI",6.23665480427046,1.62814070351759,0.00501672240802676,2.31612903225806,0.0164179104477612,3.48955223880597,NA,2.78260869565217,0.417391304347826,0.821739130434783,0.983608673620916,1.18894202190897,1.325231845137,2.63859420997509,2.78602896427762
"70","Estonia","EST",44.0140173966117,71.6495412844037,84.3096495843838,60.9513361676831,75.6537325112054,75.8718520376607,100.362999707485,69.4131426984292,68.3891472868217,71.5180238044821,81.0701047542305,82.3557993730408,85.3409785932722,116.186666666667,112.681034482759
"71","Eswatini","SWZ",NA,NA,NA,NA,NA,NA,NA,NA,NA,NA,NA,NA,NA,NA,NA
"72","Ethiopia","ETH",17.0124835075612,5.7023243045388,10.3092850210288,10.9025189113312,11.1310092564945,16.0398917224676,17.2002057915625,17.66231717809,21.847099210436,20.8190503602782,30.5863490895779,18.6842661136688,26.1596196864252,18.4669450726709,14.433712112343
"73","Euro area","EMU",197.05340712287,203.6949446743,196.467693046851,179.311894765698,174.562256403423,187.467281168332,142.867643831315,129.504811301735,156.83042429442,148.305017201546,155.770559457592,164.033511923971,168.916147334081,170.701020937152,166.647916312448
"74","Europe & Central Asia","ECS",70.9769014762891,73.4369884931443,72.1384142228245,70.024337636663,72.697307162127,77.6126360681266,67.3997763580393,65.9279683431452,73.1826529007152,72.7268866583758,74.7320628950478,77.4573864409189,76.9512362960356,77.9739109144118,80.6672862612469
"75","Europe & Central Asia (excluding high income)","ECA",23.9274840734833,24.192080481296,24.5864024014696,25.6611016948141,31.8109800503648,33.936076463385,33.7254759650704,37.9131362092654,37.8891998050209,40.068123425101,40.5008932636337,41.7774943563274,40.5006510177191,40.7655702432865,45.6295211185379
"76","Europe & Central Asia (IDA & IBRD countries)","TEC",29.5533293280364,30.4705073021445,30.9120789438686,33.3412237185286,39.2812857803677,42.1687927665292,41.2802701541621,43.6237797252556,45.0925281019763,46.8593309688864,47.1214969583838,48.1301128507006,46.3622303654726,47.0160145631931,51.3653161218176
"77","European Union","EUU",166.056150569802,174.341519896392,168.092086505927,160.134082470765,156.845272303301,169.245002835939,138.034000731919,125.073892564218,147.462568408743,142.652033823084,146.321584956411,154.705487912304,155.979670041784,160.272044251606,158.375331803929
"78","Faroe Islands","FRO",NA,NA,NA,NA,NA,NA,NA,NA,NA,NA,NA,NA,NA,NA,NA
"79","Fiji","FJI",71.4823529411765,19.2529411764706,45.2882352941176,39.1764705882353,25.1235294117647,23.9408284023669,41.1242603550296,21.8078751008072,16.3515151515152,35.4848484848485,28.928242446437,33.9295750473485,35.4083621863163,53.3416966293798,46.0331513375947
"80","Finland","FIN",136.142572538582,118.386030454165,132.745533607293,134.217303822938,134.495465604955,123.502905140433,130.580756605716,107.983879346123,124.079738310013,80.2319484558987,80.2818870481401,80.8560730650147,85.8844341968907,82.8765089208826,80.5097951914515
"81","Fragile and conflict affected situations","FCS",NA,NA,NA,NA,NA,NA,NA,NA,NA,NA,NA,NA,NA,NA,NA
"82","France","FRA",211.28378194486,223.363906198757,212.108013937282,192.462567211208,190.38257265936,209.338198397998,152.446540755437,120.563430187563,150.537963990874,141.299300923968,160.786312302155,169.417401812405,168.426729019734,170.400955322926,163.139086068431
"83","French Polynesia","PYF",333.666666666667,285,319,251.333333333333,262,279.666666666667,307.333333333333,272.4,326.4,305.2,241.73999633789,242.496002197266,210.967999267578,296.632000732422,252.032006835938
"84","Gabon","GAB",5.57846153846154,3.61230769230769,5.10769230769231,8.34461538461538,8.45846153846154,9.05846153846154,10.5169230769231,12.0215384615385,3.16,5.64923076923077,10.0881847205529,10.141230844351,11.4759692382813,24.5410456730769,26.7664002403846
"85","Gambia, The","GMB",NA,9.40333333333333,8.09032258064516,9.75692307692308,10.8259385665529,8.97689768976898,4.26075268817204,6.34345794392523,7.3,10.2755555555556,2.64100001942028,0.413136378201571,0.67624998959628,0.85,1.23534089868719
"86","Georgia","GEO",33.0413016270338,14.3690773067332,31.466814159292,53.2872340425532,47.5281385281385,41.3390928725702,37.5315904139434,44.9445727482679,35.3569620253165,122.042927251963,144.247243190456,174.453110186734,159.099133721757,152.958684495726,170.832122093023
"87","Germany","DEU",220.074039521669,219.698063752431,215.125819465456,208.757056451613,194.419012304062,221.871768965227,159.582718739524,181.414399330264,211.596825932804,191.486989473684,198.921581882711,203.47061300101,217.659000926628,202.222719216812,197.228258097424
"88","Ghana","GHA",3.74551542693136,6.8389486260454,13.2005,5.99875,20.0597619047619,17.76,14.5495555555556,18.9795652173913,18.7002164502165,13.2305084745763,34.7576595744681,25.2591489361702,15.7021276595745,23.505408494016,20.8765957446809
"89","Gibraltar","GIB",NA,NA,NA,NA,NA,NA,NA,NA,NA,NA,NA,NA,NA,NA,NA
"90","Greece","GRC",156.376886271623,162.090339233038,176.41764929631,143.040924592649,124.629256965944,96.9033891702376,119.047730829421,63.0961915979584,122.495909622127,159.707680250784,109.448818897638,117.232270916335,123.0625,118.272685398434,123.011214953271
"91","Greenland","GRL",NA,NA,NA,NA,NA,NA,NA,NA,NA,NA,NA,NA,NA,NA,NA
"92","Grenada","GRD",NA,NA,NA,NA,NA,NA,NA,NA,NA,NA,NA,NA,NA,NA,NA
"93","Guam","GUM",NA,NA,NA,NA,NA,NA,NA,NA,NA,NA,NA,NA,NA,NA,NA
"94","Guatemala","GTM",99.7901754385965,91.671826625387,124.94625,141.690714285714,136.043824701195,123.77347715736,92.0052830188679,127.068553981932,189.149562163263,223.169439467042,267.127694881422,284.691781838794,297.962462397984,342.077001160093,303.15318662993
"95","Guinea","GIN",1.00418410041841,0.793939393939394,1.03019607843137,0.919737322145202,0.883636363636364,1.21357142857143,1.29754385964912,0.634035087719298,0.932758620689655,3.58310344827586,2.93183325195313,2.86806774508569,1.09718706192509,2.699287109375,1.5685838859312
"96","Guinea-Bissau","GNB",NA,NA,NA,NA,NA,NA,NA,NA,NA,NA,NA,NA,NA,NA,NA
"97","Guyana","GUY",33.1111111111111,23.0555555555556,44.8333333333333,22.097619047619,32.5809523809524,32.6547619047619,56.7976190476191,20.2547619047619,39.3190476190476,27.8428571428571,43.5433326357887,61.5654296875,54.2215471540179,57.8163569859096,44.6040480840774
"98","Haiti","HTI",NA,NA,NA,NA,NA,NA,NA,NA,NA,NA,NA,NA,NA,NA,NA
"99","Heavily indebted poor countries (HIPC)","HPC",NA,6.99499427511615,10.9863364475114,9.05071172879163,10.155711125192,11.0408238546982,9.95715069146397,8.8050701616883,11.2428264416655,11.6734844059819,13.1933967259568,12.6784679540089,13.4151916254777,13.3672658262849,15.0819074005635
"100","High income","HIC",123.203863628246,129.70660395479,130.425453663898,127.913576981671,126.776495252351,133.402799803311,116.164249269752,106.947019646654,120.613035808592,127.6897762629,130.526983433021,134.135971065194,135.556144380627,137.576549508998,138.409711002905
"101","Honduras","HND",31.9569288389513,54.8970037453184,134.966666666667,160.851428571429,188.835238095238,177.995238095238,107.730844793713,62.3186274509804,64.7245098039216,104.070588235294,107.721558095895,176.387967218137,140.313997395833,141.839755667892,164.317604932598
"102","Hong Kong SAR, China","HKG",728.4,359.8,390.8,365.8,390,421,99,38,616.285714285714,790.571428571429,1307.31619642062,598.048389743941,1973.60974384461,2334.32262095552,2704.00336710612
"103","Hungary","HUN",94.8762483716891,95.4970633021536,98.5210961287516,85.1988698109107,99.1951272569067,110.409407665505,96.7007633587786,77.4822246455834,84.3342440801457,93.2882821387941,99.6154196042756,113.558619091752,112.708236927348,120.257863089732,128.252543940796
"104","IBRD only","IBD",120.687982291044,128.703559284578,134.928029701472,135.537295930565,141.999907421913,152.159580662576,152.986027126467,154.537474007028,165.462661608874,170.946553671717,172.135952069196,172.403055135503,174.499974056828,171.28849850545,174.567044505058
"105","Iceland","ISL",145.751937984496,122.883720930233,137.922480620155,133.558139534884,167.821705426357,194.168,199.88,123.846774193548,148.69918699187,159.165306757234,176.485152958663,168.803634613431,201.732678346859,147.752066115702,181.528925619835
"106","IDA & IBRD total","IBT",102.175244847381,107.355948380931,112.281943048405,112.841895388156,118.177205489986,125.346056931187,125.64345247095,127.571100699805,135.948179963774,139.800545760176,137.652553911609,138.76700740386,140.97098359864,139.00910946482,141.970450603721
"107","IDA blend","IDB",NA,NA,46.1214440053959,51.2573704709076,58.685908507152,53.8369203830127,54.3971343256724,66.6252925029853,66.2799384980955,62.2053484197851,57.7209400567993,66.3424148963238,67.5088317520316,66.8025494006238,69.4746480881083
"108","IDA only","IDX",NA,19.7334388193917,23.6427938552074,22.5874963350958,23.5745427353188,23.9637500183249,23.1481722101123,20.7733941545257,23.0271154685992,26.2935042820866,25.6194559688208,25.0316915080324,27.1048721114741,27.8348062418163,28.8693253151452
"109","IDA total","IDA",NA,30.0572561661577,32.220424771633,33.5134476237291,37.444988269147,35.6180604718188,35.048940075455,37.510908661605,38.822447664653,39.4128591578141,36.4228439494111,38.8187761797733,40.5952457438432,40.8335976449147,42.5722828385648
"110","India","IND",100.329055300688,105.177203862352,115.271510073208,127.614591957051,136.403921543911,142.835225474934,153.349390803506,167.457295914491,179.035876924253,180.748291172705,163.122021642201,156.495698086192,163.498079418137,170.983555217527,165.848155794022
"111","Indonesia","IDN",123.959065783577,131.132152102116,131.209397551285,143.986402858886,158.016093023256,181.457227272727,184.52845814978,181.639661016949,181.516652542373,198.418595744681,221.43872606383,219.562484042553,231.868526595745,223.015784574468,231.36957712766
"112","Iran, Islamic Rep.","IRN",78.7394722066255,80.2913502500463,103.751726245035,95.0479646767072,113.961439434764,90.0386507795364,99.8465101318752,75.9800205576256,57.8256660168941,31.7270277376101,129.916102124618,131.40405098897,130.270507081092,100.944668329135,76.2920466441411
"113","Iraq","IRQ",NA,NA,24.3626666666667,41.6128846153846,46.2541666666667,37.5676767676768,56.94,72.4898630136986,34.29,39.0976744186047,49.4160418000861,50.0761279019067,34.4659359862211,36.2822581542969,35.8172511474609
"114","Ireland","IRL",597.017841971113,533.773265651438,466.43153526971,458.037162162162,431.876843018213,427.521698113208,378.108991825613,477.373737373737,462.441147378833,430.480225988701,469.732478632479,472.904761904762,499.293950850662,1273.8526834989,1247.93825322309
"115","Isle of Man","IMN",NA,NA,NA,NA,NA,NA,NA,NA,NA,NA,NA,NA,NA,NA,NA
"116","Israel","ISR",251.862464183381,282.934131736527,320.900321543408,292.604501607717,304.950495049505,344.996743660517,280.613935850974,200.460080338555,206.403265463945,251.606347408297,278.833118737193,296.011209284178,264.226289517471,243.606988648324,280.677966101695
"117","Italy","ITA",171.121877639677,177.702475185325,181.418097505953,171.753084832905,177.031588937093,190.229953981314,143.47626033609,120.111588597622,122.745952854303,134.322470238095,122.506322000562,129.303500805625,126.564060642093,134.126950462051,129.847318994244
"118","Jamaica","JAM",94.6740740740741,112.192592592593,123.947368421053,115.84375,63.515625,36.216,37.6416666666667,58.1916666666667,62.625,71.175,87.375,83.1459167480469,73.3977508544922,38.1474161783855,57.246332804362
"119","Japan","JPN",333.544467073999,335.170798271549,353.683717743777,347.969266055046,332.82753856781,350.474803513638,278.228644382544,238.92803912436,259.834423166745,263.877056887635,247.150259067358,244.643699858424,260.326859308385,240.975029726516,242.184512428298
"120","Jordan","JOR",1590.45641025641,916.141242937853,476.531100478469,784.016216216216,693.473684210526,1007.78329953307,337.444816053512,394.860551767834,187.719588143302,1227.59107350443,1331.8532906106,131,92.5684210526316,176.928482140789,112.045859460028
"121","Kazakhstan","KAZ",0.83609974188149,1.19039220370726,1.47829258413571,1.42845635274535,1.44674308079396,2.05647813662219,1.0834577785801,1.97077389701893,2.04603289667118,2.9955518793355,4.42025057530044,2.88858203202294,3.96281680557918,4.32556557237625,4.32556557237625
"122","Kenya","KEN",27.313101551758,33.0967741935484,27.6808672499049,34.3265577507599,33.154802259887,36.3952830188679,33.2875471698113,31.8570909090909,30.3470909090909,43.5820689655172,34.392707560911,38.7662001616379,42.8506924333244,28.5790109779095,38.1802193056304
"123","Kiribati","KIR",NA,NA,NA,NA,NA,NA,NA,NA,NA,NA,NA,NA,NA,NA,NA
"124","Korea, Dem. Peopleâ€™s Rep.","PRK",NA,NA,NA,NA,NA,NA,NA,NA,NA,NA,NA,NA,NA,NA,NA
"125","Korea, Rep.","KOR",412.127240143369,468.790235081374,525.422867513612,643.357881923311,469.849907350216,511.036944270507,441.052396166134,331.955729166667,336.053749170538,334.909274193548,481.012263327371,361.264863190341,366.111111111111,368.986002048481,380.281491907108
"126","Kosovo","XKX",NA,NA,NA,NA,NA,NA,NA,NA,NA,NA,NA,NA,NA,NA,NA
"127","Kuwait","KWT",0,0,0,34040,689.855452104048,1401.2344717982,2978.73529048116,2090.99144345238,128.395999145508,389.00190952846,318.607989501953,235.850859153655,429.782104492188,13604.6407368806,750.723785400391
"128","Kyrgyz Republic","KGZ",7.05055762081784,24.7105654761905,21.6821589205397,24.6285046728972,22.1967757917168,22.4546875,18.9738178976163,22.0681818181818,22.659458632204,19.1684297609694,24.3161527445214,27.4302035969072,32.000625317246,26.6900858704137,31.4107142857143
"129","Lao PDR","LAO",NA,NA,NA,NA,NA,NA,NA,NA,NA,NA,NA,NA,NA,NA,NA
"130","Late-demographic dividend","LTE",154.827567665947,164.818852621281,172.476214157084,170.391070351721,176.306193507421,191.349623666831,189.705724236163,188.593518451961,203.236109830173,211.200101543932,216.204531804198,217.68501357652,217.546949701034,210.653755624981,214.301362981662
"131","Latin America & Caribbean","LCN",89.4906723250347,107.363723244607,111.998922889722,96.6156504792848,99.3927949611055,120.013071624953,103.725355095063,88.7627685968897,112.546448051862,128.608495378444,126.814874743355,126.328628214788,129.24139188628,122.566655490317,140.191379489513
"132","Latin America & Caribbean (excluding high income)","LAC",87.3812016925499,105.238144634769,108.267263732731,93.2151263127901,95.869496855357,116.769067031738,99.048257211825,84.4164344008911,110.205701518143,125.909525274015,124.607146290324,123.063393922626,126.810664808061,120.645928134621,139.270682247431
"133","Latin America & the Caribbean (IDA & IBRD countries)","TLA",90.8936207854097,109.722095810048,114.30429635044,98.3985682413579,100.966468612956,121.942235530857,105.068780311891,90.3300877189525,114.292239980698,130.3806523216,128.335724715813,127.762631559852,130.371012565943,123.679289508738,141.778642970741
"134","Latvia","LVA",50.5950668036999,49.4942528735632,64.1288404360753,68.040293040293,62.655601659751,67.7247474747475,66.9470085470086,64.8835616438356,77.6479113384484,83.2322970639033,91.5653650254669,100.656456953642,101.124069478908,104.759306297609,104.192546583851
"135","Least developed countries: UN classification","LDC",NA,NA,NA,NA,NA,NA,NA,NA,NA,24.6168381721855,23.6942697383716,23.2330327247655,25.8881645499167,26.2883758446715,27.2156568441283
"136","Lebanon","LBN",331.898692908654,345.495066923254,366.516787522318,262.771702989657,225.979413200827,287.106638130533,267.934062182419,293.035608803354,356.43851511102,336.17825,296.304994525331,322.857806581439,316.536058830492,370.368178858902,330.925452030066
"137","Lesotho","LSO",NA,NA,NA,NA,NA,NA,NA,NA,NA,NA,NA,NA,NA,NA,NA
"138","Liberia","LBR",NA,NA,NA,NA,NA,NA,NA,NA,NA,NA,NA,NA,NA,NA,NA
"139","Libya","LBY",66.2920110192837,33.0699724517906,51.6565714285714,67.128,42.3085714285714,60.96,27.2685714285714,33.6685714285714,18.6596736596737,38.6072261072261,13.9446044921875,11.8372093023256,11.6511627906977,11.6511627906977,11.6511627906977
"140","Liechtenstein","LIE",NA,NA,NA,NA,NA,NA,NA,NA,NA,NA,NA,NA,NA,NA,NA
"141","Lithuania","LTU",110.154972544234,147.384262295082,173.76020524487,97.5641227380016,102.167870455255,90.0653749176626,86.6811710985764,44.2557346062835,103.534836002079,77.63279671989,107.05596107056,109.635887360838,111.752193624649,122.582076509464,131.865017792662
"142","Low & middle income","LMY",101.324569682551,106.235646510597,110.972231199649,111.2694576621,116.625033193898,123.62161476387,123.990605081643,126.395010269339,134.674973551384,138.606957720116,136.596603735514,137.578807561906,140.118595794761,138.142284695398,141.268806169842
"143","Low income","LIC",NA,7.87582634771349,11.3327733032857,10.1533440636088,10.9392021900776,11.8886165587747,11.8134136407686,10.1379662930451,10.9487665554395,11.6564967504338,13.2475454006319,11.8752442873409,12.9598393011738,11.5368363283141,12.5675704007607
"144","Lower middle income","LMC",79.8619819698186,84.8231186684973,90.8504583325782,96.5335918016524,100.780679707829,105.525688138764,110.43444612868,118.736308583355,125.0881899206,126.762244772323,114.428703496225,117.572085005227,120.964603947967,124.675248894389,124.120932758903
"145","Luxembourg","LUX",581.145161290323,267.467741935484,333.612903225806,313.15,293.633333333333,276.409836065574,250.516129032258,244.584748066019,258.192087215739,270.605284755918,258.519815296948,247.590069032886,240.760259591944,242.675162183861,262.107983188199
"146","Macao SAR, China","MAC",NA,NA,NA,NA,NA,NA,NA,NA,NA,NA,NA,NA,NA,NA,NA
"147","Madagascar","MDG",2.09423728813559,2.14813559322034,2.20305084745763,5.45066666666667,2.46633333333333,3.19166666666667,4.1428125,2.26657142857143,2.41628571428571,3.15942857142857,2.93582568359375,2.86740565708705,5.57630866350447,3.48498863002232,5.17497140066964
"148","Malawi","MWI",29.7136842105263,31.0773333333333,34.406,30.491875,36.8245454545455,41.7186666666667,34.8704347826087,30.8457142857143,35.3764864864865,29.5227777777778,24.6373677083333,27.2946263363487,37.6825681023849,30.3523560855263,21.6058956106086
"149","Malaysia","MYS",1121.78708010336,1256.80378368434,1578.46094933102,1469.92873413554,1730.2482350919,2076.96442776406,2144.5001696278,1677.65088757396,2182.52724644993,1712.42033480492,1812.31958861575,1765.4425809134,2121.36462220149,1779.32054088045,1723.38931405896
"150","Maldives","MDV",6,8,10.3333333333333,29.6666666666667,117.666666666667,87.3333333333333,16.75,98.5,94.3589720515968,36.6666657700498,134.799997016712,193.523069686815,215.497431253839,233.92820128592,314.899988543682
"151","Mali","MLI",NA,NA,52.0415833666533,15.6924861681242,17.50132112031,31.0502754820937,22.4816872070821,6.08897921709673,19.6003833253474,22.00728756741,20.6853449012079,25.8711590978884,29.0702966580877,27.0477182771798,44.2350220811886
"152","Malta","MLT",103.222222222222,94.1935464552696,130,105.609758554081,148,110.75,74,54.25,63.7665203595815,91.8502210360811,235.016663869222,395.981027303897,446.653263910382,479.068001016827,264.601981960309
"153","Marshall Islands","MHL",2,2,0.5,0.5,NA,NA,NA,NA,NA,NA,NA,NA,NA,NA,NA
"154","Mauritania","MRT",NA,NA,NA,NA,NA,NA,NA,NA,NA,NA,NA,NA,NA,NA,NA
"155","Mauritius","MUS",318.370786516854,299.454545454545,307.689655172414,352.152941176471,257.867469879518,282.222222222222,228.775,227.9625,163.2,243.230769230769,274.845388312089,248.148264973958,284.718531901042,155.252135416667,235.307998046875
"156","Mexico","MEX",65.260395100069,66.7555809233891,73.212113379857,79.1893887362637,69.0328296879682,75.0408180619924,53.3026552462527,53.3474259171649,75.0576424043902,72.878617748183,95.4127443304536,94.1284185326575,98.7739142153708,101.704351195388,114.006216204237
"157","Micronesia, Fed. Sts.","FSM",NA,NA,NA,NA,NA,NA,NA,NA,NA,NA,NA,NA,NA,NA,NA
"158","Middle East & North Africa","MEA",88.9086590269605,98.1489211628453,98.5919259196793,106.970903878478,96.2117991910547,92.7837592625518,101.89726406314,81.1992952040215,82.6547256136998,84.2739176577078,107.506562315436,106.08325966545,110.717442541111,107.543464396275,94.7733486177177
"159","Middle East & North Africa (excluding high income)","MNA",88.7488392706776,94.323753358118,94.7924829237025,97.7107901345667,93.1766403739154,86.9272113350065,100.583546879347,80.7091457048956,78.6651630773062,74.7956544725856,104.283066341865,103.026615828637,102.067513388148,96.8089692235621,85.2606126159102
"160","Middle East & North Africa (IDA & IBRD countries)","TMN",88.7488392706776,94.323753358118,94.7924829237025,97.7107901345667,93.1766403739154,86.9272113350065,100.583546879347,80.7091457048956,78.6651630773062,74.7956544725856,104.283066341865,103.026615828637,102.067513388148,96.8089692235621,85.2606126159102
"161","Middle income","MIC",109.46688978923,116.116437204548,121.810663782381,122.461328929624,128.329090956733,136.309920095409,137.063593236499,140.2333024425,149.674218080673,154.502969139549,152.046819103852,153.290841888168,155.888382673064,153.624150349075,156.765760270281
"162","Moldova","MDA",8.13890396093326,7.53387533875339,8.31521739130435,9.00163666121113,8.46043956043956,11.0225027442371,12.4530477759473,9.36433681893231,11.0595697738555,13.0474875759249,19.1289966923925,24.6696035242291,39.8458998348927,21.9430574712167,24.4075952543221
"163","Monaco","MCO",NA,NA,NA,NA,NA,NA,NA,NA,NA,NA,NA,NA,NA,NA,NA
"164","Mongolia","MNG",5.88359788359788,5.70596590909091,8.34232954545455,5.26187050359712,9.35919540229885,8.56045519203414,8.32254196642686,12.1704180064309,18.0456026058632,22.8559738134206,26.18364627617,44.8085609219856,33.9559754567246,38.3160261938953,39.9686710595766
"165","Montenegro","MNE",NA,NA,NA,NA,18.7011494252874,15.632183908046,14.7919075144509,11.3294797687861,14.3546511627907,12.5491329479769,12.4908720504406,324.902547080638,276.9163995723,262.467818478723,285.207770453559
"166","Morocco","MAR",65.5542727921923,55.3112092766427,48.9576126674787,63.7872445210539,60.1686507936508,58.8295102293862,53.8266269249876,41.0653510112085,57.1710259876335,59.1200455607376,56.992668075059,63.5761377613776,66.7088560885609,71.1055975169127,71.1056340329028
"167","Mozambique","MOZ",5.97752808988764,0.736222222222222,2.25978260869565,1.4274,4.6430612244898,2.66076923076923,11.4172222222222,4.03345454545455,8.19946902654867,7.35592920353982,5.61952221895741,5.91100343957411,7.53408501279038,4.15174156526549,3.72271333137445
"168","Myanmar","MMR",4.29010342729669,10.309004162014,19.9116222760291,6.52112536037379,9.01625386996904,15.7729034697929,7.60968767533196,6.23642764498796,6.6372213486264,14.9951789356573,15.635440798385,19.5313739287911,24.4315488230501,23.8187639675422,17.8731736454895
"169","Namibia","NAM",3.9031862745098,1.41104294478528,3.20490797546012,1.91154791154791,2.84624846248462,2.465,0.28625,1.59,4.43375,6.605,15.0339630126953,10.8612127304077,6.13866245269776,14.5198625946045,26.1067136383057
"170","Nauru","NRU",NA,NA,NA,NA,NA,NA,NA,NA,NA,NA,NA,NA,NA,NA,NA
"171","Nepal","NPL",16.6809421841542,5.05874730021598,8.02521739130435,3.56885964912281,5.64203539823009,1.60892857142857,1.36486486486486,18.2027272727273,25.0866972477064,35.8098681040036,26.6949952785647,54.4451277199622,67.3704893265716,74.1136413014287,74.0784812158865
"172","Netherlands","NLD",428.823144104803,438.291390728477,357.313525498891,337.806480648065,353.146366382991,302.139068925377,267.70861291567,238.171054925045,293.325843107055,246.811133200795,289.812067260138,231.12769102199,247.853261438397,269.129082087972,288.924124513619
"173","New Caledonia","NCL",260.588227984815,536.4705731877,231.323522923315,282.499992076089,239.999993268182,267.647051316232,199.411759112533,99.4117619174576,149.999995792614,209.384615384615,250.073333740234,218.870974475214,244.55129102137,246.474368014985,238.141034375987
"174","New Zealand","NZL",1836.39075630252,2279.08192771084,1760.64761904762,2718.68705882353,2494.97744360902,2304.60788863109,1726.60927152318,1271.8195329087,1270.63527054108,1780.6093418259,1692.76620825147,1493.239488117,1490.95254237288,1694.02341137124,1777.23859649123
"175","Nicaragua","NIC",28.4085,31.8956097560976,32.9753846153846,28.1135,32.6274193548387,31.47,27.1082352941176,34.6915151515152,34.736120182887,51.5728542914172,50.2049608355091,34.4195478723404,50.9421542553191,57.049248877992,61.4632126828457
"176","Niger","NER",0.611819484240688,0.293665480427046,0.239985820630982,0.387665510160731,0.527622550753342,0.354907872696817,0.153418230563003,0.353489932885906,0.496026490066225,0.485641025641026,0.923294945842815,0.637150595528739,0.999243440173921,0.403732145173209,0.402090467725481
"177","Nigeria","NGA",4.52888235294118,6.141,4.54511428571429,7.19733333333333,10.0388858695652,4.20505405405405,5.87683333333333,5.26103125,12.2136666666667,6.56129411764706,8.66869720982143,9.01817336856618,9.43106387867647,7.71549954044118,5.47036730238971
"178","North America","NAC",101.041581505512,106.839135018669,108.126913754559,106.383190497241,108.813803232753,111.44415505197,102.019558907762,98.4403912268439,106.684910068721,121.679844409317,124.225579846342,126.017783659144,125.492412734225,126.917360148034,127.215241484913
"179","North Macedonia","MKD",30.8597194388778,32.8046709129512,53.4815618221258,62.0223214285714,57.4669703872437,67.122969837587,56.1580188679245,56.6976190476191,67.1111111111111,63.6183574879227,57.5944464494641,69.606148560457,72.205774992415,66.5371978317482,79.3148815448468
"180","Northern Mariana Islands","MNP",NA,NA,NA,NA,NA,NA,NA,NA,NA,NA,NA,NA,NA,NA,NA
"181","Norway","NOR",205.579726651481,213.507462686567,215.230149597238,218.865429234339,216.418414918415,220.417552640497,213.556981675297,179.125142685614,170.003638748158,192.158924205379,187.321093024672,190.816925429573,194.533397788618,204.291692900173,203.896263962854
"182","Not classified","INX",NA,NA,NA,NA,NA,NA,NA,NA,NA,NA,NA,NA,NA,NA,NA
"183","OECD members","OED",116.635745637507,122.507356754712,123.39024435297,120.810988856348,120.03063594562,126.000926280052,108.685599399345,103.065545365571,115.182644799738,120.600044249837,125.560763399944,129.000667769293,129.810076754779,132.120480926125,135.505276040975
"184","Oman","OMN",385.838063886089,115.375161263251,475.568628771552,1386.49822126116,1043.88114107572,364.2935660226,725.368322753906,633.440538561022,261.850442288023,654.502683623909,1031.39581263973,386.104239585649,522.215735677084,401.287969347269,468.068437476629
"185","Other small states","OSS",NA,NA,NA,NA,NA,NA,NA,52.0380616776157,70.3524937208913,86.1671944889065,79.3679353803497,83.8123769503613,83.8207424627311,93.6573232692975,100.225052323019
"186","Pacific island small states","PSS",NA,NA,NA,NA,NA,NA,NA,NA,NA,NA,NA,NA,NA,NA,NA
"187","Pakistan","PAK",97.4708520179372,100.970182750882,110.778950841307,123.483460391117,125.730244063325,118.423492379059,119.154650373388,144.327430319511,138.30472949983,128.5226910299,117.362367724868,135.702592714145,134.854139290407,137.471578947368,144.330090206186
"188","Palau","PLW",NA,NA,NA,NA,NA,NA,NA,NA,NA,NA,NA,NA,NA,NA,NA
"189","Panama","PAN",40.4032846715328,51.1569343065693,42.1605839416058,34.4197080291971,38.3962962962963,34.0888888888889,35.8092592592593,47.5462962962963,63.759248828467,37.4318584070796,77.0039791019094,88.950495392984,75.8821516291075,67.6445642068162,49.122858674234
"190","Papua New Guinea","PNG",159.118181818182,393.528888888889,76.8260869565217,71.4083333333333,58.888,75.848,70.7033333333333,103.853333333333,109.483333333333,85.4766666666667,107.468802897135,98.7653314208984,108.721999003092,104.790565592448,112.052132568359
"191","Paraguay","PRY",47.7158878504673,66.2393292682927,78.4219584569733,65.7630057803468,72.7211267605634,94.310989010989,74.7040191642268,62.728855721393,82.0950542822678,97.6376306620209,83.1767447621744,94.6433355978261,105.260172526042,97.5968147786458,110.3495703125
"192","Peru","PER",80.354128440367,82.2983050847458,88.2117647058824,76.7208651399491,85.4206030150754,100.562593516209,74.0652605459057,93.1581620314389,89.5209302325581,101.244665012407,94.2500639136189,94.9095314362336,112.673033854167,141.298103209192,127.699871276368
"193","Philippines","PHL",146.361094224924,172.76861167002,159.845703125,152.155444555445,138.56120271581,159.308128544423,104.973027522936,121.445272727273,151.435471698113,144.86128440367,118.351254480287,155.875033542039,155.87136627907,138.70521858229,157.424038461538
"194","Poland","POL",116.19523443505,128.871057440216,129.13560666138,161.938884770612,159.338615782665,181.172291296625,157.718176534086,147.265042267529,180.478345184228,169.742295909173,177.885583524027,179.327279466271,164.000732064422,174.097547533756,172.817138626689
"195","Portugal","PRT",191.053995865658,174.40395281569,215.939519816534,202.761484779595,137.060899494648,199.90855649902,155.48881428097,118.565673296588,148.957369049941,132.505300471264,150.860465290578,168.428910027304,179.844508720994,173.391933953887,199.396122704945
"196","Post-demographic dividend","PST",111.765658438853,116.952216794201,116.657166657372,113.153424134084,114.05353332844,119.865497049271,105.421559146787,97.4151121242028,109.776883289808,117.198299466723,119.770253148032,122.730800304404,123.684418864547,124.448119822943,125.954406981828
"197","Pre-demographic dividend","PRE",NA,NA,9.114289470993,9.15709265608405,10.2102637814606,8.87867966277344,9.36408130045615,8.69866541439616,10.9441434556546,10.7028646210099,10.9268853228517,11.6987526326047,11.910339683246,11.4135271191287,13.1454763428245
"198","Puerto Rico","PRI",NA,NA,NA,NA,NA,NA,NA,NA,NA,NA,NA,NA,NA,NA,NA
"199","Qatar","QAT",44.4347826086956,0,4254.56882560439,633.534461924638,0,5413.84615384615,248.96265494487,3039.68244765502,6225.78316459851,11718.9273015875,6845.69756184806,5914.28586078707,6397.35083176189,6313.72541148707,6755.24466514259
"200","Romania","ROU",34.7827431740614,38.6328249973339,42.6252383623107,51.3513633834168,40.5955923481374,44.6358501440922,45.6352482513473,48.4932301740812,52.5462497266565,54.134963868816,49.7808592862014,56.2349645552252,51.5195944406471,60.6860332649806,59.9074807737124
"201","Russian Federation","RUS",13.5525371562791,11.0035166736021,11.4197763332405,11.7926441727363,12.4807113363055,14.2531297810387,15.8827446177116,15.6220944558522,16.0745378151261,16.4096666666667,15.6783298538622,15.2243128272251,15.710294041223,16.4632881064885,18.4636402729436
"202","Rwanda","RWA",NA,2.23857404021938,1.83188102320257,3.13971735464655,3.52327863641604,7.91475312262644,9.62288853436527,1.29058783084871,0.0836358426975203,0.0998738486928646,5.07006857060417,11.1723382994186,12.6142236179453,19.7076934719672,10.8574980343891
"203","Samoa","WSM",0.769230769230769,1.84615384615385,3.33333333333333,3.36363636363636,2.30769239233795,3.8,5.44444444444444,4.43037969335267,2,1.875,0.471250012516977,2.82125002145767,3.34125006198883,1.97750002145767,4.63750004768371
"204","San Marino","SMR",NA,NA,NA,NA,NA,NA,NA,NA,NA,NA,NA,NA,NA,NA,NA
"205","Sao Tome and Principe","STP",NA,NA,NA,NA,NA,NA,NA,NA,NA,NA,NA,NA,NA,NA,NA
"206","Saudi Arabia","SAU",56.4797222222222,119.181666666667,104.991428571429,93.9028571428571,98.7826086956522,118.82472431805,77.5950883498053,43.8235294117647,92.0408805031446,148.315922760367,91.8030157202438,90.635593220339,179.297376093294,176.214899713467,176.873741731378
"207","Senegal","SEN",11.7944262295082,10.9386084583902,12.7117509206562,9.86628278950736,2.30888575458392,2.1459649122807,2.30303867403315,6.37180156657963,8.20236842105263,6.82757575757576,10.5242424242424,12.38125,11.740625,16.315625,16.409375
"208","Serbia","SRB",NA,NA,NA,NA,150.057790702716,193.712928210547,142.178913738019,181.101124399444,144.464074500279,158.292100776662,221.972881819781,198.692332205044,168.431578644586,185.347642681397,244.787104864319
"209","Seychelles","SYC",NA,24,11,34,11,30,34,52,32.2222230758196,321.428570060098,524.999984140909,341.666659447883,337.066641765173,816.933306974839,521.733314127394
"210","Sierra Leone","SLE",NA,NA,NA,NA,NA,NA,NA,NA,NA,NA,NA,NA,NA,NA,NA
"211","Singapore","SGP",1830,11566.6662070486,13528.5716589616,13753.029756534,16532.3082987092,16242.8574194714,16266.6660202874,4663.33314802912,3131.25006998889,4373.01590611455,14201.4921748562,14445.5439723861,1053.12499551635,33066.927169617,30237.8556190309
"212","Sint Maarten (Dutch part)","SXM",NA,NA,NA,NA,NA,NA,NA,NA,NA,NA,NA,NA,NA,NA,NA
"213","Slovak Republic","SVK",83.1063829787234,78.9483368719037,83.6669059583632,80.5039539899353,91.7815674891147,89.9506172839506,75.0839363241679,78.3096960926194,85.0639367816092,95.9373236662156,106.919481993336,109.330201725319,116.478815249736,112.991111111111,125.762435040831
"214","Slovenia","SVN",403.47619047619,400.28901734104,358.698863636364,329.551136363636,322.005617977528,324.525714285714,279.842969168445,233.834464043419,266.569158547079,256.506636476309,250.381060229191,254.125207038479,263.078688145378,267.946272735314,258.940606567552
"215","Small states","SST",NA,NA,NA,NA,NA,NA,NA,NA,NA,NA,78.9634229957655,90.7075321439674,87.347343979923,95.7563607209735,100.998867747101
"216","Solomon Islands","SLB",NA,NA,NA,NA,NA,NA,NA,NA,NA,NA,NA,NA,NA,NA,NA
"217","Somalia","SOM",NA,NA,NA,NA,NA,NA,NA,NA,NA,NA,NA,NA,NA,NA,NA
"218","South Africa","ZAF",61.2048905109489,55.1500735294118,60.2875939849624,47.3310056925996,62.3364285714286,61.021746031746,56.293203125,60.2474723538705,53.7809782175058,60.3374054682955,59.52336,57.71848,65.01304,58.5116,58.5116
"219","South Asia","SAS",99.7645282696902,102.485454061454,112.118206878759,124.285101493681,131.394044692416,134.698271595327,143.77971787623,157.759015590999,166.441432344473,168.211521000485,153.74008355646,150.715417126581,157.418169573669,164.640723679038,160.28407761319
"220","South Asia (IDA & IBRD)","TSA",99.7645282696902,102.485454061454,112.118206878759,124.285101493681,131.394044692416,134.698271595327,143.77971787623,157.759015590999,166.441432344473,168.211521000485,153.74008355646,150.715417126581,157.418169573669,164.640723679038,160.28407761319
"221","South Sudan","SSD",NA,NA,NA,NA,NA,NA,NA,NA,NA,NA,NA,NA,NA,NA,NA
"222","Spain","ESP",164.451777829421,175.270953368672,165.402610364683,142.139549291412,142.329481132075,157.722231050373,106.544602818706,96.9269424661919,130.675287356322,122.616461501328,122.580827366746,143.596502750185,151.356084052777,151.501523952674,143.966128806536
"223","Sri Lanka","LKA",304.563034188034,259.184210526316,287.01,255.291818181818,291.315238095238,288.525,311.711666666667,281.376363636364,229.0475,257.314615384615,214.089453125,173.985682091346,261.314588341346,307.147073317308,131.922626201923
"224","St. Kitts and Nevis","KNA",NA,84.1428571428571,7.85714285714286,13.8539041822762,22.6130652182638,12.5313282908501,20.5,12.75,11.3333333333333,10.4,10.4,0.00599999986588955,0.385999989509582,16.9819999694824,0.460000014305116
"225","St. Lucia","LCA",NA,NA,NA,NA,NA,NA,7.2,88,119.333333333333,84,261.843338012695,112.216668446859,252.519994099935,250.646667480469,170.89333597819
"226","St. Martin (French part)","MAF",NA,NA,NA,NA,NA,NA,NA,NA,NA,NA,NA,NA,NA,NA,NA
"227","St. Vincent and the Grenadines","VCT",NA,NA,NA,NA,NA,NA,NA,NA,NA,NA,NA,NA,NA,NA,NA
"228","Sub-Saharan Africa","SSF",NA,12.3233387888707,13.7430411141804,11.897875087141,14.2540879521171,13.5601909253484,13.2034045244232,12.9539056066142,15.5305532785811,14.8783980357153,14.7672647908451,14.69695184727,16.2141887004909,14.9509197302629,16.1609295508877
"229","Sub-Saharan Africa (excluding high income)","SSA",NA,12.3232623454163,13.7430582171531,11.8977399000784,14.2541077267204,13.5600926756884,13.203282566093,12.9536761993589,15.5304664768837,14.8781579883366,14.7669129243918,14.6967096587921,16.2139510104708,14.9503252125637,16.1605514010218
"230","Sub-Saharan Africa (IDA & IBRD countries)","TSS",NA,12.3233387888707,13.7430411141804,11.897875087141,14.2540879521171,13.5601909253484,13.2034045244232,12.9539056066142,15.5305532785811,14.8783980357153,14.7672647908451,14.69695184727,16.2141887004909,14.9509197302629,16.1609295508877
"231","Sudan","SDN",NA,NA,NA,NA,NA,NA,NA,NA,NA,NA,3.32788739587166,2.61245821052445,4.20062591027028,4.92496495871996,7.17265819761016
"232","Suriname","SUR",92.1777777777778,109.054545454545,141.037735849057,106.367346938776,183.326530612245,149.434782608696,548.659574468085,158.293103448276,211.927272727273,206.293103448276,188.963846059946,170.839835611979,194.992151817909,165.061690579928,217.708608774038
"233","Sweden","SWE",99.8879342547628,98.2370592648162,97.8539156626506,87.7687175685693,86.2900188323917,89.3303064699205,99.0114068441065,63.9120545868082,81.7303157093952,85.0814843152257,75.9615827890895,84.3011538461539,92.6593364197531,96.5353965183752,96.3364418131532
"234","Switzerland","CHE",196.206226782012,203.369381276157,216.437884378844,227.964050263997,228.653562653563,229.896700926763,227.272957849688,190.830049261084,218.383189122373,208.955190085074,167.636061167567,203.451037768098,208.402132807695,208.932910121518,214.407293234038
"235","Syrian Arab Republic","SYR",68.3527106466362,75.8486486486486,73.1812066428421,84.9458823529412,84.541113490364,80.6454814189189,87.9899978718876,65.4218415417559,33.016855131214,49.7220077220077,30.2423171195698,13.558419285287,7.81715571772945,6.5394701603808,7.55148887552452
"236","Tajikistan","TJK",NA,NA,33.9434447300771,37.8243064729194,73.9484396200814,74.1286863270777,70.4453441295547,64.1149832774724,60.8399080611547,67.0582717757551,72.2879082889531,73.344054428412,83.6995615501926,80.2945753123662,81.3773973438838
"237","Tanzania","TZA",3.69976744186047,4.45550351288056,5.28915789473684,5.75443298969072,5.39762886597938,5.0716,4.67662034899367,7.52460869565217,8.78663793103448,8.60691056910569,7.69941176470588,11.217867115162,8.90387015335648,8.91733383969907,12.6044950448495
"238","Thailand","THA",110.522516082916,149.180394736842,131.695263157895,112.726907894737,117.399868421053,124.952894736842,130.517573770492,122.059318254221,162.155710659898,159.165164974619,170.861526268116,183.941422516359,171.021036585366,157.137120761452,161.710310083284
"239","Timor-Leste","TLS",NA,NA,NA,NA,NA,NA,NA,NA,NA,NA,NA,NA,NA,NA,NA
"240","Togo","TGO",5.17263157894737,7.48893617021277,3.39311827956989,9.68380952380952,5.48,6.28225108225108,0.000427350427350427,6.16166666666667,8.96178861788618,10.2028455284553,5.25649432488208,20.9935097287736,1.72749055682488,10.0030716575767,11.0261247051887
"241","Tonga","TON",12.9333333333333,301.533333333333,98.0666666666667,95,45.875,9.5,10.125,261.411764705882,239.176470588235,108.352941176471,319.096114363935,615.368343777127,35.8422224919001,15.1972215440538,39.3005540635851
"242","Trinidad and Tobago","TTO",146.666666666667,146.666666666667,246.153846153846,240,236,236,204,224,228,232,276,308,360,356,356
"243","Tunisia","TUN",40.7407867971287,30.7448035674283,46.6464990706736,60.6727381667811,26.4589943597595,31.8773908451107,70.7387473131614,25.2338488169777,58.9349982288346,37.6430108532934,56.3279021188114,73.97956920347,52.7062003300108,127.37629377694,59.2512824959591
"244","Turkey","TUR",72.7959489872468,84.2946688345028,85.6275396925139,86.7593369702056,91.837343892781,90.3404613494699,71.9724889816748,104.566156151937,98.3756546950991,89.9411363747018,100.346406181659,112.381355108389,105.268376316044,106.668297408574,137.704921250184
"245","Turkmenistan","TKM",NA,NA,NA,NA,NA,NA,NA,NA,NA,NA,NA,NA,NA,NA,NA
"246","Turks and Caicos Islands","TCA",NA,NA,NA,NA,NA,NA,NA,NA,NA,NA,NA,NA,NA,NA,NA
"247","Tuvalu","TUV",NA,NA,NA,NA,NA,NA,NA,NA,NA,NA,NA,NA,NA,NA,NA
"248","Uganda","UGA",1.33267857142857,1.59504273504274,1.47193277310924,0.967394957983193,1.2544262295082,1.19952,2.94201550387597,2.08272727272727,1.71940740740741,1.76175182481752,2.12519272956295,2.44169999716938,1.81999568331069,2.38103190104167,1.91084784024004
"249","Ukraine","UKR",15.9493915929204,15.77835591133,16.4180161320116,17.1924688771108,21.5536583862418,27.6388974532898,32.7868448605038,27.3034053821048,32.6581888721249,38.8722729930152,41.4087582262132,45.5718949263203,44.9081476960635,43.1734553775744,52.7474371491335
"250","United Arab Emirates","ARE",644.8,755.625,767.619047619048,667.058823529412,834.387376940199,940.582991820981,798.643434469635,623.046073132408,737.351800891493,900.000030449913,848.24801332409,1033.86666666667,629.156594016335,714.927236506913,NA
"251","United Kingdom","GBR",309.021776702385,314.189786181304,287.334593572779,272.82248210857,254.18444371513,253.245686113394,213.98834304746,239.874359398248,250.753768844221,238.700098977235,235.028976175145,246.592400178965,243.362476939119,248.377973714856,252.90367245894
"252","United States","USA",112.517271082283,119.560809629794,122.670840915621,118.599763800987,126.195688980091,123.269088213491,112.427324588263,108.492812838636,117.124412920896,132.332392999366,132.587411956224,137.899501707246,135.651451555921,137.027278548559,138.594847713652
"253","Upper middle income","UMC",131.025867254738,139.125622483254,144.263999573232,141.037165666376,148.283142002432,158.659583921087,156.525839662118,155.905834988981,167.54247889753,174.737916738208,180.944053293392,180.301416447892,182.107596312698,174.860968803837,180.810107120305
"254","Uruguay","URY",61.02679217958,110.629602888087,129.988480921526,140.556034482759,148.696991404011,139.511517615176,104.414019715225,93.9257403189066,145.783571077226,131.588010204082,178.729102560381,240.14612984736,189.690746173365,109.255286658109,143.668461379377
"255","Uzbekistan","UZB",NA,NA,NA,NA,162.5,166.686436781609,173.019675925926,193.335581395349,182.581149425287,204.750465116279,196.685227272727,214.499545454545,224.866590909091,228.401136363636,232.703181818182
"256","Vanuatu","VUT",NA,NA,NA,NA,NA,NA,NA,NA,NA,NA,NA,NA,NA,NA,NA
"257","Venezuela, RB","VEN",144.37,168.860384615385,159.534339622642,166.751035781544,122.715630885122,135.498307634449,177.974074074074,166.176923076923,170.688888888889,170.37037037037,190.157407407407,192.701999421296,181.88279224537,183.467528935185,183.467528935185
"258","Vietnam","VNM",304.963939393939,342.302689560857,403.907102558158,292.26533501101,300.165248897291,353.006524268845,305.698686828492,407.72,323.349804513799,309.548118828553,352.260469561007,489.944577628495,397.769402398972,438.916627965133,429.784831380394
"259","Virgin Islands (U.S.)","VIR",NA,NA,NA,NA,NA,NA,NA,NA,NA,NA,NA,NA,NA,NA,NA
"260","West Bank and Gaza","PSE",NA,NA,NA,NA,NA,NA,NA,NA,NA,NA,NA,NA,NA,NA,NA
"261","World","WLD",107.604979051849,112.855816811858,116.348360109326,115.846034941312,119.370362594606,126.241928619517,121.894824454906,121.213597332992,130.992245350656,135.760995619991,135.032915231539,136.705326210079,138.957682086257,138.00078233063,140.553095480728
"262","Yemen, Rep.","YEM",8.19787985865724,4.49680511182109,13.6641509433962,3.80808080808081,8.4235807860262,21.4065934065934,14.6345381526104,12.0409906063194,19.4577846630519,12.4031007751938,15.3959933659218,29.23237208831,20.87347754454,9.81697948162372,16.3965460459391
"263","Zambia","ZMB",26.074748257165,26.1729297146834,29.9046121593291,27.983865053172,25.6770660471291,32.3343506273313,38.6566186107471,25.7777464788732,29.1735294117647,46.1472222222222,37.6260958059211,48.9721370882601,50.4668588096217,55.9181967002467,89.5940696957237
"264","Zimbabwe","ZWE",35.7013698630137,40.0087671232877,22.7242105263158,21.7994871794872,32.3563414634146,27.03525,21.9941176470588,28.7780487804878,34.083,26.5483333333333,18.25,18.975,25.45,22.9,22.9
